City_ID,City,Lat,Lng,Max Temp,Humidity,Cloudiness,Wind Speed,Weather Description,Country,Date
0,Hobart,-42.8794,147.3294,58.26,70,100,3.0,overcast clouds,AU,2022-07-23 02:35:32
1,Mataura,-46.1927,168.8643,45.48,65,4,2.84,clear sky,NZ,2022-07-23 02:40:21
2,Tasiilaq,65.6145,-37.6368,35.76,80,44,7.45,scattered clouds,GL,2022-07-23 02:35:46
3,Kula,38.5473,28.6498,61.32,50,0,4.94,clear sky,TR,2022-07-23 02:40:22
4,Avera,33.194,-82.5271,80.65,67,99,5.57,overcast clouds,US,2022-07-23 02:40:22
5,Bethel,41.3712,-73.414,77.68,90,0,0.0,clear sky,US,2022-07-23 02:35:30
6,Bluff,-46.6,168.3333,45.81,69,2,3.2,clear sky,NZ,2022-07-23 02:40:23
7,Saint-Philippe,-21.3585,55.7679,64.22,84,42,14.52,light rain,RE,2022-07-23 02:40:23
8,Dikson,73.5069,80.5464,51.66,80,94,12.86,overcast clouds,RU,2022-07-23 02:40:24
9,Ushuaia,-54.8,-68.3,35.26,87,75,25.32,broken clouds,AR,2022-07-23 02:40:24
10,Barrow,71.2906,-156.7887,39.22,87,100,11.5,mist,US,2022-07-23 02:40:25
11,Ca Mau,9.1769,105.15,87.31,66,74,1.21,broken clouds,VN,2022-07-23 02:38:26
12,Mount Hagen,-5.8581,144.2274,72.36,56,20,4.61,haze,PG,2022-07-23 02:40:25
13,Provideniya,64.3833,-173.3,50.52,65,97,5.06,overcast clouds,RU,2022-07-23 02:40:26
14,Calama,-22.4667,-68.9333,48.69,21,82,10.36,broken clouds,CL,2022-07-23 02:40:26
15,Jamestown,42.097,-79.2353,72.72,77,0,9.22,clear sky,US,2022-07-23 02:40:08
16,Ostrovnoy,68.0531,39.5131,51.94,87,98,18.03,overcast clouds,RU,2022-07-23 02:40:27
17,Imbituba,-28.24,-48.6703,69.85,99,92,2.82,overcast clouds,BR,2022-07-23 02:40:27
18,Caravelas,-17.7125,-39.2481,69.49,84,2,4.43,clear sky,BR,2022-07-23 02:40:27
19,Teahupoo,-17.8333,-149.2667,75.16,78,34,11.65,scattered clouds,PF,2022-07-23 02:40:28
20,Troitsko-Pechorsk,62.7084,56.1964,51.8,70,95,4.09,overcast clouds,RU,2022-07-23 02:40:28
21,Malakal,9.5334,31.6605,74.44,84,100,4.29,overcast clouds,SS,2022-07-23 02:40:29
22,Khatanga,71.9667,102.5,41.34,89,100,12.26,light rain,RU,2022-07-23 02:40:29
23,Isetskoye,56.4858,65.3226,63.63,80,28,7.2,scattered clouds,RU,2022-07-23 02:40:29
24,Mokhsogollokh,61.4681,128.9203,70.97,77,99,4.21,overcast clouds,RU,2022-07-23 02:40:30
25,Pisco,-13.7,-76.2167,60.85,82,40,2.3,scattered clouds,PE,2022-07-23 02:40:30
26,Rikitea,-23.1203,-134.9692,72.88,73,16,9.69,few clouds,PF,2022-07-23 02:40:31
27,Avarua,-21.2078,-159.775,78.85,78,40,16.11,scattered clouds,CK,2022-07-23 02:40:31
28,Kaitangata,-46.2817,169.8464,45.46,73,3,2.84,clear sky,NZ,2022-07-23 02:40:32
29,Altayskoye,51.9533,85.3325,67.3,72,70,6.93,light rain,RU,2022-07-23 02:40:32
30,Bredasdorp,-34.5322,20.0403,53.24,88,98,7.99,light rain,ZA,2022-07-23 02:40:32
31,Ponta Do Sol,32.6667,-17.1,70.72,68,12,4.97,few clouds,PT,2022-07-23 02:40:33
32,Dalvik,65.9702,-18.5286,48.13,91,16,1.61,few clouds,IS,2022-07-23 02:40:33
33,Atuona,-9.8,-139.0333,77.43,79,14,16.24,few clouds,PF,2022-07-23 02:40:34
34,New Norfolk,-42.7826,147.0587,58.91,75,100,1.99,overcast clouds,AU,2022-07-23 02:40:34
35,Kadi,23.3,72.3333,82.26,85,100,11.34,overcast clouds,IN,2022-07-23 02:40:35
36,Zyryanka,65.75,150.85,70.03,30,100,2.86,overcast clouds,RU,2022-07-23 02:40:35
37,Yuancheng,36.652,107.7896,75.07,51,0,10.49,clear sky,CN,2022-07-23 02:40:36
38,Marienburg,54.0359,19.0266,64.11,93,11,1.07,few clouds,PL,2022-07-23 02:38:41
39,Vaini,-21.2,-175.2,75.36,83,40,12.66,scattered clouds,TO,2022-07-23 02:40:36
40,Huarmey,-10.0681,-78.1522,61.99,87,37,7.05,scattered clouds,PE,2022-07-23 02:40:37
41,Albany,42.6001,-73.9662,77.41,81,65,3.69,broken clouds,US,2022-07-23 02:35:48
42,Haines Junction,60.7522,-137.5108,57.15,51,99,8.05,overcast clouds,CA,2022-07-23 02:40:37
43,Punta Arenas,-53.15,-70.9167,35.71,69,0,6.91,clear sky,CL,2022-07-23 02:37:59
44,Makakilo City,21.3469,-158.0858,84.52,56,75,18.41,broken clouds,US,2022-07-23 02:40:38
45,Bengkulu,-3.8004,102.2655,84.45,63,25,1.32,scattered clouds,ID,2022-07-23 02:40:38
46,Lebu,-37.6167,-73.65,53.06,95,100,13.78,light rain,CL,2022-07-23 02:41:39
47,Hermanus,-34.4187,19.2345,53.8,79,82,10.4,broken clouds,ZA,2022-07-23 02:41:39
48,Vardo,70.3705,31.1107,53.58,76,75,3.44,broken clouds,NO,2022-07-23 02:41:39
49,San Policarpo,12.1791,125.5072,85.35,70,87,4.16,overcast clouds,PH,2022-07-23 02:41:40
50,Carnarvon,-24.8667,113.6333,67.66,52,77,9.19,broken clouds,AU,2022-07-23 02:41:40
51,Mar Del Plata,-38.0023,-57.5575,49.08,89,86,14.0,mist,AR,2022-07-23 02:41:41
52,Hit,33.6416,42.8251,85.95,20,0,9.78,clear sky,IQ,2022-07-23 02:41:41
53,Dhidhdhoo,6.8833,73.1,81.52,79,100,17.22,overcast clouds,MV,2022-07-23 02:41:41
54,Severo-Kurilsk,50.6789,156.125,56.23,87,84,6.82,broken clouds,RU,2022-07-23 02:41:42
55,Salinopolis,-0.6136,-47.3561,78.4,85,63,9.24,broken clouds,BR,2022-07-23 02:41:42
56,Morondava,-20.2833,44.2833,68.94,71,68,5.3,broken clouds,MG,2022-07-23 02:41:43
57,Ilulissat,69.2167,-51.1,51.82,87,100,4.61,drizzle,GL,2022-07-23 02:41:43
58,Venice,27.0998,-82.4543,80.98,100,100,6.91,overcast clouds,US,2022-07-23 02:41:44
59,Busselton,-33.65,115.3333,59.9,83,100,27.31,light rain,AU,2022-07-23 02:41:44
60,Xinglongshan,43.9561,125.4661,78.55,73,75,2.24,broken clouds,CN,2022-07-23 02:41:45
61,Hilo,19.7297,-155.09,83.28,79,75,8.05,broken clouds,US,2022-07-23 02:41:45
62,Butaritari,3.0707,172.7902,82.22,76,74,8.99,broken clouds,KI,2022-07-23 02:41:45
63,Coihaique,-45.5752,-72.0662,19.35,93,75,0.0,broken clouds,CL,2022-07-23 02:41:46
64,Shar,49.5886,81.0453,75.51,36,13,6.82,few clouds,KZ,2022-07-23 02:41:46
65,Aguas Belas,-9.1114,-37.1231,65.61,98,100,3.31,overcast clouds,BR,2022-07-23 02:41:47
66,Bambous Virieux,-20.3428,57.7575,68.25,88,40,9.22,scattered clouds,MU,2022-07-23 02:41:47
67,Grand-Lahou,5.1367,-5.0242,74.03,77,72,7.23,broken clouds,CI,2022-07-23 02:41:48
68,Roald,62.5833,6.1333,56.34,87,100,19.57,overcast clouds,NO,2022-07-23 02:41:48
69,Port Lincoln,-34.7333,135.8667,60.94,68,9,4.12,clear sky,AU,2022-07-23 02:41:49
70,Fairhope,30.523,-87.9033,82.67,75,0,3.0,clear sky,US,2022-07-23 02:41:49
71,Moranbah,-22.0016,148.0466,69.53,51,0,15.05,clear sky,AU,2022-07-23 02:37:39
72,Lompoc,34.6391,-120.4579,61.61,80,100,27.0,mist,US,2022-07-23 02:41:50
73,Rocha,-34.4833,-54.3333,50.83,98,30,4.76,scattered clouds,UY,2022-07-23 02:41:50
74,Pangody,65.85,74.4859,52.34,64,95,4.99,overcast clouds,RU,2022-07-23 02:41:51
75,Kindu,-2.95,25.95,69.49,89,76,2.21,broken clouds,CD,2022-07-23 02:41:51
76,Tadine,-21.55,167.8833,74.01,91,100,17.96,overcast clouds,NC,2022-07-23 02:41:51
77,Russell,32.3502,-85.1999,75.96,94,0,0.0,clear sky,US,2022-07-23 02:41:52
78,Mahebourg,-20.4081,57.7,68.29,88,40,9.22,scattered clouds,MU,2022-07-23 02:41:52
79,Madimba,-10.4,40.3333,67.78,89,3,8.52,clear sky,TZ,2022-07-23 02:37:01
80,Tulungagung,-8.0657,111.9025,79.83,75,92,9.1,overcast clouds,ID,2022-07-23 02:41:53
81,Arlit,18.7369,7.3853,88.59,42,74,10.83,broken clouds,NE,2022-07-23 02:41:53
82,Nikolskoye,59.7035,30.7861,68.81,78,9,5.61,clear sky,RU,2022-07-23 02:41:54
83,Upington,-28.4478,21.2561,57.58,44,0,8.05,clear sky,ZA,2022-07-23 02:41:54
84,Nelson Bay,-32.7167,152.15,65.08,69,2,8.01,clear sky,AU,2022-07-23 02:41:55
85,Reconquista,-29.15,-59.65,64.85,86,19,9.35,few clouds,AR,2022-07-23 02:41:55
86,Laurel,39.0993,-76.8483,85.68,75,0,3.44,clear sky,US,2022-07-23 02:37:53
87,Havre,49.5833,0.3333,64.2,94,100,10.36,overcast clouds,FR,2022-07-23 02:41:56
88,Rehoboth,-23.3167,17.0833,53.22,42,0,5.77,clear sky,NA,2022-07-23 02:41:56
89,Sibolga,1.7427,98.7792,86.36,60,72,1.74,broken clouds,ID,2022-07-23 02:41:56
90,Olafsvik,64.8945,-23.7142,52.99,80,11,4.85,few clouds,IS,2022-07-23 02:41:57
91,Kapaa,22.0752,-159.319,85.98,68,40,16.11,scattered clouds,US,2022-07-23 02:42:57
92,Margate,51.3813,1.3862,62.91,88,100,1.01,overcast clouds,GB,2022-07-23 02:42:58
93,Georgetown,5.4112,100.3354,84.88,85,20,3.44,few clouds,MY,2022-07-23 02:38:28
94,San Cristobal,7.7669,-72.225,71.78,98,74,3.2,broken clouds,VE,2022-07-23 02:38:24
95,Coahuayana,18.7333,-103.6833,80.08,87,99,0.63,overcast clouds,MX,2022-07-23 02:42:59
96,Riyadh,24.6877,46.7219,86.14,18,85,4.45,overcast clouds,SA,2022-07-23 02:39:31
97,Oum Hadjer,13.2954,19.6966,78.44,67,59,5.93,broken clouds,TD,2022-07-23 02:42:59
98,Bonthe,7.5264,-12.505,76.3,84,100,8.16,light rain,SL,2022-07-23 02:43:00
99,Sawakin,19.1059,37.3321,89.22,49,8,2.24,clear sky,SD,2022-07-23 02:43:00
100,Aboisso,5.4678,-3.2071,70.77,87,87,3.33,overcast clouds,CI,2022-07-23 02:43:01
101,Tura,25.5198,90.2201,82.51,78,100,1.63,overcast clouds,IN,2022-07-23 02:43:01
102,Neuquen,-38.9516,-68.0591,48.09,57,0,3.44,clear sky,AR,2022-07-23 02:43:01
103,Saskylakh,71.9167,114.0833,58.73,52,99,6.67,overcast clouds,RU,2022-07-23 02:43:02
104,Klaksvik,62.2266,-6.589,49.12,82,100,6.46,overcast clouds,FO,2022-07-23 02:42:14
105,Pahrump,36.2083,-115.9839,104.05,13,65,4.0,broken clouds,US,2022-07-23 02:43:02
106,Gladstone,-23.85,151.25,71.53,53,0,9.22,clear sky,AU,2022-07-23 02:43:03
107,Storm Lake,42.6411,-95.2097,80.29,88,0,0.0,clear sky,US,2022-07-23 02:43:03
108,Havre-Saint-Pierre,50.2334,-63.5986,57.56,94,100,4.61,fog,CA,2022-07-23 02:43:04
109,Airai,-8.9266,125.4092,69.57,41,18,3.83,few clouds,TL,2022-07-23 02:43:04
110,Springdale,36.1867,-94.1288,87.71,55,0,5.75,clear sky,US,2022-07-23 02:43:05
111,La Ronge,55.1001,-105.2842,57.45,72,100,6.91,overcast clouds,CA,2022-07-23 02:43:05
112,Victoria,22.2855,114.1577,93.96,73,0,5.99,clear sky,HK,2022-07-23 02:43:06
113,Hasaki,35.7333,140.8333,90.0,73,0,18.05,clear sky,JP,2022-07-23 02:43:06
114,Vila Do Maio,15.1333,-23.2167,77.79,81,63,1.21,broken clouds,CV,2022-07-23 02:43:06
115,Lekoni,-1.5843,14.2591,74.68,72,98,4.7,overcast clouds,GA,2022-07-23 02:43:07
116,Flinders,-34.5833,150.8552,66.06,72,77,3.0,broken clouds,AU,2022-07-23 02:43:07
117,Curup,-3.4667,102.5333,80.8,62,57,3.6,broken clouds,ID,2022-07-23 02:43:08
118,Gushikawa,26.3544,127.8686,89.19,79,20,16.11,few clouds,JP,2022-07-23 02:43:08
119,Davila,18.4726,120.5763,87.78,70,7,3.58,clear sky,PH,2022-07-23 02:43:09
120,Clyde River,70.4692,-68.5914,48.43,76,40,6.91,scattered clouds,CA,2022-07-23 02:43:09
121,Lazarev,52.225,141.5131,56.77,82,100,11.59,overcast clouds,RU,2022-07-23 02:43:10
122,Los Algarrobos,8.5,-82.4333,72.01,100,40,1.14,thunderstorm with drizzle,PA,2022-07-23 02:43:10
123,Hovd,48.0056,91.6419,70.86,33,67,9.42,broken clouds,MN,2022-07-23 02:38:12
124,Naze,28.3667,129.4833,86.92,63,97,2.95,overcast clouds,JP,2022-07-23 02:43:11
125,Husavik,66.0449,-17.3389,46.85,93,25,2.66,scattered clouds,IS,2022-07-23 02:43:11
126,Suarez,2.954,-76.6964,67.66,97,100,1.95,overcast clouds,CO,2022-07-23 02:43:12
127,Kenora,49.8167,-94.4337,68.97,60,40,6.91,scattered clouds,CA,2022-07-23 02:43:12
128,Sabang,5.8933,95.3214,81.84,72,100,1.07,light rain,ID,2022-07-23 02:42:15
129,Ahipara,-35.1667,173.1667,57.83,66,100,13.22,overcast clouds,NZ,2022-07-23 02:42:12
130,Otane,-39.8833,176.6333,49.01,69,95,5.5,overcast clouds,NZ,2022-07-23 02:43:13
131,Hauterive,46.0901,3.4459,74.16,89,100,0.74,overcast clouds,FR,2022-07-23 02:43:13
132,Thompson,55.7435,-97.8558,57.36,82,100,6.91,overcast clouds,CA,2022-07-23 02:40:44
133,Kstovo,56.1473,44.1979,59.4,76,71,2.26,broken clouds,RU,2022-07-23 02:43:14
134,Puerto Ayora,-0.7393,-90.3518,69.55,91,13,4.0,few clouds,EC,2022-07-23 02:43:14
135,Salcioara,44.7167,25.5833,71.28,43,0,6.87,clear sky,RO,2022-07-23 02:43:15
136,Jalu,29.0331,21.5482,74.62,45,0,9.28,clear sky,LY,2022-07-23 02:44:15
137,Kodiak,57.79,-152.4072,54.91,71,0,10.36,clear sky,US,2022-07-23 02:44:15
138,Lewistown,40.5992,-77.5714,80.01,86,0,5.75,clear sky,US,2022-07-23 02:44:16
139,Bethanien,-26.502,17.1583,55.08,35,63,2.89,broken clouds,NA,2022-07-23 02:44:16
140,East London,-33.0153,27.9116,62.89,68,100,10.2,overcast clouds,ZA,2022-07-23 02:44:17
141,Orbetello,42.4408,11.2196,77.0,44,0,6.91,clear sky,IT,2022-07-23 02:44:17
142,Okha,53.5739,142.9478,63.1,59,92,9.6,overcast clouds,RU,2022-07-23 02:44:18
143,Port Elizabeth,-33.918,25.5701,57.49,88,0,9.22,clear sky,ZA,2022-07-23 02:44:18
144,Matara,5.9485,80.5353,80.13,85,61,14.16,broken clouds,LK,2022-07-23 02:44:18
145,Cape Town,-33.9258,18.4232,54.88,91,40,3.0,light rain,ZA,2022-07-23 02:44:19
146,Los Llanos De Aridane,28.6585,-17.9182,69.55,91,100,12.66,overcast clouds,ES,2022-07-23 02:44:19
147,Baruun-Urt,46.6806,113.2792,74.55,38,7,8.48,clear sky,MN,2022-07-23 02:44:20
148,Tiksi,71.6872,128.8694,46.76,82,97,5.95,overcast clouds,RU,2022-07-23 02:44:20
149,Kahului,20.8947,-156.47,87.82,45,40,24.16,scattered clouds,US,2022-07-23 02:44:20
150,Nortelandia,-14.4547,-56.8028,70.83,46,1,2.82,clear sky,BR,2022-07-23 02:44:21
151,Dubbo,-32.25,148.6167,62.73,55,62,17.27,broken clouds,AU,2022-07-23 02:44:21
152,Eydhafushi,5.1033,73.0708,82.17,77,99,16.62,overcast clouds,MV,2022-07-23 02:44:22
153,Carutapera,-1.195,-46.02,75.34,93,75,5.66,broken clouds,BR,2022-07-23 02:44:22
154,Duluth,46.7833,-92.1066,78.28,62,0,6.91,haze,US,2022-07-23 02:42:32
155,Upernavik,72.7868,-56.1549,42.37,95,100,10.89,overcast clouds,GL,2022-07-23 02:44:23
156,Kloulklubed,7.0419,134.2556,81.1,77,100,9.86,overcast clouds,PW,2022-07-23 02:44:23
157,Ghanzi,-21.5667,21.7833,53.85,66,9,8.66,clear sky,BW,2022-07-23 02:44:24
158,Codrington,-38.2667,141.9667,53.31,93,100,13.0,light rain,AU,2022-07-23 02:44:24
159,Tuatapere,-46.1333,167.6833,47.44,70,19,2.95,few clouds,NZ,2022-07-23 02:44:25
160,Esperance,-33.8667,121.9,63.23,57,4,21.39,clear sky,AU,2022-07-23 02:44:25
161,Brae,60.3964,-1.353,51.37,78,100,7.47,overcast clouds,GB,2022-07-23 02:44:25
162,Ust-Nera,64.5667,143.2,66.74,80,100,4.5,light rain,RU,2022-07-23 02:44:26
163,Shakawe,-18.3667,21.85,53.15,64,1,4.81,clear sky,BW,2022-07-23 02:44:26
164,Natal,-5.795,-35.2094,75.42,88,0,8.05,clear sky,BR,2022-07-23 02:40:03
165,Noumea,-22.2763,166.4572,75.99,99,100,3.04,heavy intensity rain,NC,2022-07-23 02:44:27
166,Goderich,43.7501,-81.7165,77.32,57,23,10.36,few clouds,CA,2022-07-23 02:42:28
167,Terrak,65.087,12.3715,51.67,90,38,3.71,scattered clouds,NO,2022-07-23 02:44:27
168,Sitka,57.0531,-135.33,53.49,87,100,5.75,moderate rain,US,2022-07-23 02:44:28
169,Yairipok,24.6667,94.0667,78.66,96,100,1.74,light rain,IN,2022-07-23 02:44:28
170,Thinadhoo,0.5333,72.9333,81.37,74,100,8.28,overcast clouds,MV,2022-07-23 02:44:29
171,Rincon,32.296,-81.2354,84.16,61,100,9.22,thunderstorm,US,2022-07-23 02:44:29
172,Grafton,42.207,-71.6856,79.83,70,0,10.36,clear sky,US,2022-07-23 02:44:30
173,Valday,57.9747,33.2525,60.69,77,56,3.87,broken clouds,RU,2022-07-23 02:44:30
174,Cidreira,-30.1811,-50.2056,63.81,94,99,3.94,moderate rain,BR,2022-07-23 02:44:30
175,Pevek,69.7008,170.3133,33.76,92,91,6.08,overcast clouds,RU,2022-07-23 02:44:31
176,Beroroha,-21.6667,45.1667,59.36,81,0,2.53,clear sky,MG,2022-07-23 02:44:31
177,Ribeira Grande,38.5167,-28.7,72.95,90,51,7.52,light rain,PT,2022-07-23 02:44:32
178,Znamenka,52.4167,41.4311,58.8,95,64,9.15,broken clouds,RU,2022-07-23 02:44:32
179,Mago,53.2514,140.1822,78.01,31,91,4.56,overcast clouds,RU,2022-07-23 02:44:32
180,Sao Filipe,14.8961,-24.4956,74.53,83,56,1.23,broken clouds,CV,2022-07-23 02:44:33
181,Gedo,9.0167,37.45,49.32,98,91,1.54,overcast clouds,ET,2022-07-23 02:44:33
182,Yellowknife,62.456,-114.3525,66.72,52,20,11.5,few clouds,CA,2022-07-23 02:44:34
183,Port Alfred,-33.5906,26.891,60.42,76,100,10.4,overcast clouds,ZA,2022-07-23 02:45:34
184,Abu Kamal,34.4506,40.9171,81.7,34,0,12.01,clear sky,SY,2022-07-23 02:45:34
185,Dzilam Gonzalez,21.2833,-88.9333,79.75,78,47,6.24,scattered clouds,MX,2022-07-23 02:45:35
186,Iqaluit,63.7506,-68.5145,46.13,87,75,3.44,broken clouds,CA,2022-07-23 02:45:35
187,Lavrentiya,65.5833,-171.0,47.28,73,94,15.43,overcast clouds,RU,2022-07-23 02:45:36
188,Porto Torres,40.835,8.3972,69.98,67,0,1.3,clear sky,IT,2022-07-23 02:45:36
189,Chuy,-33.6971,-53.4616,56.39,96,100,4.92,overcast clouds,UY,2022-07-23 02:45:36
190,Hithadhoo,-0.6,73.0833,82.27,72,100,5.35,overcast clouds,MV,2022-07-23 02:45:37
191,Zhigalovo,54.8097,105.1578,65.93,79,100,2.48,overcast clouds,RU,2022-07-23 02:45:37
192,Rawson,-43.3002,-65.1023,38.16,74,100,14.36,light rain,AR,2022-07-23 02:45:38
193,Loa Janan,-0.583,117.095,78.71,86,100,3.31,overcast clouds,ID,2022-07-23 02:45:38
194,Rabupura,28.25,77.6,86.54,68,100,14.23,overcast clouds,IN,2022-07-23 02:45:39
195,Jinchang,38.4953,102.1739,82.9,16,0,5.12,clear sky,CN,2022-07-23 02:45:39
196,Shambu,9.5667,37.1,49.3,95,63,0.27,light rain,ET,2022-07-23 02:45:40
197,Santa Rosa,14.3122,121.1114,90.1,77,71,5.59,light rain,PH,2022-07-23 02:45:40
198,Dicabisagan,17.0818,122.4157,89.02,62,61,4.65,broken clouds,PH,2022-07-23 02:45:41
199,Saint George,37.1041,-113.5841,104.59,15,0,13.8,clear sky,US,2022-07-23 02:41:02
200,Acarau,-2.8856,-40.12,78.91,80,33,17.13,scattered clouds,BR,2022-07-23 02:45:41
201,Korla,41.7597,86.1469,91.24,15,0,5.73,clear sky,CN,2022-07-23 02:45:42
202,Kununurra,-15.7667,128.7333,82.38,16,6,9.22,clear sky,AU,2022-07-23 02:45:42
203,San Angelo,31.4638,-100.437,95.22,28,0,9.22,clear sky,US,2022-07-23 02:44:34
204,El Angel,0.6167,-77.9333,42.31,92,99,1.99,overcast clouds,EC,2022-07-23 02:45:43
205,Muyinga,-2.8333,30.3333,60.67,54,82,6.67,broken clouds,BI,2022-07-23 02:45:43
206,Bend,44.0582,-121.3153,79.88,32,0,12.66,clear sky,US,2022-07-23 02:45:25
207,Isangel,-19.55,169.2667,78.57,77,100,8.68,light rain,VU,2022-07-23 02:45:44
208,Redmond,47.674,-122.1215,76.21,65,2,1.99,clear sky,US,2022-07-23 02:45:02
209,Grand Gaube,-20.0064,57.6608,69.39,71,1,7.0,clear sky,MU,2022-07-23 02:45:44
210,Betanzos,43.2804,-8.2147,63.52,80,0,4.61,clear sky,ES,2022-07-23 02:45:45
211,Marawi,7.9986,124.2928,79.36,75,43,2.06,scattered clouds,PH,2022-07-23 02:45:45
212,Honningsvag,70.9821,25.9704,51.55,82,100,5.75,overcast clouds,NO,2022-07-23 02:45:46
213,Pingshan,22.9938,114.7131,92.73,58,2,3.33,clear sky,CN,2022-07-23 02:45:46
214,Ahuimanu,21.4447,-157.8378,85.71,66,20,18.41,few clouds,US,2022-07-23 02:45:47
215,Gazli,40.1333,63.45,97.72,14,0,16.51,clear sky,UZ,2022-07-23 02:45:47
216,Hay River,60.8156,-115.7999,71.58,46,75,8.05,broken clouds,CA,2022-07-23 02:45:48
217,Newtownards,54.5924,-5.6909,55.62,92,66,0.0,broken clouds,GB,2022-07-23 02:45:48
218,Fortuna,40.5982,-124.1573,61.66,74,2,5.66,clear sky,US,2022-07-23 02:45:49
219,Katsuura,35.1333,140.3,82.87,70,0,19.62,clear sky,JP,2022-07-23 02:45:49
220,Tual,-5.6667,132.75,78.03,78,98,14.85,overcast clouds,ID,2022-07-23 02:45:50
221,Andenes,69.3143,16.1194,51.78,93,100,18.41,overcast clouds,NO,2022-07-23 02:45:50
222,Tiznit,29.5833,-9.5,80.1,36,37,2.28,scattered clouds,MA,2022-07-23 02:44:50
223,Lagoa,39.05,-27.9833,71.53,92,100,7.43,overcast clouds,PT,2022-07-23 02:45:51
224,Talnakh,69.4865,88.3972,76.21,33,14,8.23,few clouds,RU,2022-07-23 02:45:51
225,General Bravo,25.8,-99.1667,84.67,59,0,23.76,clear sky,MX,2022-07-23 02:46:52
226,Seinajoki,62.7945,22.8282,55.98,85,100,9.22,overcast clouds,FI,2022-07-23 02:46:52
227,Leningradskiy,69.3833,178.4167,38.71,79,64,7.65,broken clouds,RU,2022-07-23 02:46:52
228,Buraydah,26.326,43.975,84.65,15,79,1.86,broken clouds,SA,2022-07-23 02:46:53
229,Nhulunbuy,-12.2333,136.7667,79.41,44,6,14.97,clear sky,AU,2022-07-23 02:46:53
230,Kutum,14.2,24.6667,78.46,46,77,4.45,broken clouds,SD,2022-07-23 02:46:54
231,Laguna,38.421,-121.4238,91.69,20,0,11.5,clear sky,US,2022-07-23 02:46:54
232,Ancud,-41.8697,-73.8203,41.23,94,100,14.16,light rain,CL,2022-07-23 02:46:54
233,Qaanaaq,77.484,-69.3632,36.91,98,100,13.24,light rain,GL,2022-07-23 02:46:55
234,Shizunai,42.3339,142.3669,67.26,93,100,5.23,overcast clouds,JP,2022-07-23 02:46:55
235,Torbay,47.6666,-52.7314,68.77,88,100,11.5,overcast clouds,CA,2022-07-23 02:43:18
236,Calais,50.9167,1.8333,60.82,81,86,7.49,overcast clouds,FR,2022-07-23 02:46:56
237,Magadan,59.5667,150.8,79.54,73,60,7.4,broken clouds,RU,2022-07-23 02:46:57
238,Pangnirtung,66.1451,-65.7125,50.38,67,71,1.25,broken clouds,CA,2022-07-23 02:46:57
239,Coquimbo,-29.9533,-71.3436,55.13,82,100,2.3,overcast clouds,CL,2022-07-23 02:46:57
240,Danielskuil,-28.1887,23.5395,55.72,56,81,11.48,broken clouds,ZA,2022-07-23 02:46:58
241,Manadhoo,5.7667,73.3833,81.82,79,100,16.62,overcast clouds,MV,2022-07-23 02:46:58
242,Petropavlovsk-Kamchatskiy,53.0452,158.6483,61.39,67,75,11.18,broken clouds,RU,2022-07-23 02:46:59
243,Karpathos,35.507,27.2132,73.36,83,0,25.32,clear sky,GR,2022-07-23 02:46:59
244,Victor Harbor,-35.5667,138.6167,62.01,73,20,1.01,few clouds,AU,2022-07-23 02:46:59
245,Leshukonskoye,64.8989,45.7622,61.72,84,100,8.68,overcast clouds,RU,2022-07-23 02:47:00
246,Teya,60.3778,92.6267,67.12,68,69,7.18,broken clouds,RU,2022-07-23 02:47:00
247,Buchanan,5.8808,-10.0467,75.54,78,90,6.55,overcast clouds,LR,2022-07-23 02:47:01
248,Kitakata,37.65,139.8667,72.72,96,98,5.55,overcast clouds,JP,2022-07-23 02:47:01
249,Cherskiy,68.75,161.3,54.88,45,23,1.48,few clouds,RU,2022-07-23 02:47:02
250,Komsomolskiy,40.4272,71.7189,90.32,25,0,2.3,clear sky,UZ,2022-07-23 02:47:02
251,Abdanan,32.9926,47.4198,79.5,19,0,12.03,clear sky,IR,2022-07-23 02:47:02
252,Belis,46.65,23.0333,63.48,43,2,2.68,clear sky,RO,2022-07-23 02:47:03
253,Nedjo,9.5046,35.5019,56.05,97,76,1.59,broken clouds,ET,2022-07-23 02:47:03
254,Shingu,33.7333,135.9833,82.78,70,57,6.87,broken clouds,JP,2022-07-23 02:47:04
255,Cayenne,4.9333,-52.3333,78.1,1,0,0.0,clear sky,GF,2022-07-23 02:44:45
256,Hayrabolu,41.2131,27.1069,67.73,48,0,2.98,clear sky,TR,2022-07-23 02:47:04
257,Grindavik,63.8424,-22.4338,51.75,100,75,4.61,fog,IS,2022-07-23 02:47:05
258,Kawalu,-7.3817,108.2082,75.56,86,99,2.98,overcast clouds,ID,2022-07-23 02:47:05
259,Mendoza,-32.8908,-68.8272,53.13,54,0,5.75,clear sky,AR,2022-07-23 02:44:02
260,Zhanaozen,43.3,52.8,77.2,50,0,20.94,clear sky,KZ,2022-07-23 02:47:06
261,Vestmannaeyjar,63.4427,-20.2734,51.33,92,100,0.65,overcast clouds,IS,2022-07-23 02:47:06
262,Urzhum,57.1141,49.9996,64.65,78,17,3.67,few clouds,RU,2022-07-23 02:47:07
263,Costinesti,43.95,28.6333,69.06,51,0,9.26,clear sky,RO,2022-07-23 02:47:07
264,Fairbanks,64.8378,-147.7164,62.6,62,75,11.5,broken clouds,US,2022-07-23 02:45:11
265,Orocue,4.7912,-71.3354,74.34,93,82,4.25,broken clouds,CO,2022-07-23 02:47:08
266,Tengushevo,54.7686,42.7189,61.16,88,0,5.59,clear sky,RU,2022-07-23 02:47:08
267,Longyearbyen,78.2186,15.6401,48.04,81,75,3.44,broken clouds,SJ,2022-07-23 02:44:01
268,Oneonta,42.4529,-75.0638,70.83,87,75,4.23,broken clouds,US,2022-07-23 02:46:34
269,Hobyo,5.3505,48.5268,75.06,77,21,20.27,few clouds,SO,2022-07-23 02:47:09
270,Suntar,62.1444,117.6319,72.5,65,87,3.13,overcast clouds,RU,2022-07-23 02:47:09
271,Vila Velha,-20.3297,-40.2925,71.55,91,75,3.44,broken clouds,BR,2022-07-23 02:47:10
272,Mandan,46.8267,-100.8896,82.81,45,0,12.66,clear sky,US,2022-07-23 02:45:53
273,Cusuna,15.85,-85.2333,76.24,91,100,4.92,overcast clouds,HN,2022-07-23 02:48:10
274,Tromso,69.6496,18.957,50.38,93,100,10.36,overcast clouds,NO,2022-07-23 02:48:11
275,Omboue,-1.5746,9.2618,69.37,84,79,7.45,broken clouds,GA,2022-07-23 02:48:11
276,Port-Gentil,-0.7193,8.7815,72.81,78,95,13.73,overcast clouds,GA,2022-07-23 02:48:12
277,Bolotnoye,55.6717,84.3981,62.26,66,19,8.16,few clouds,RU,2022-07-23 02:48:12
278,San Jeronimo,-11.9472,-75.2829,46.72,79,17,2.66,few clouds,PE,2022-07-23 02:48:12
279,Alexandria,31.2156,29.9553,75.16,83,40,8.05,scattered clouds,EG,2022-07-23 02:45:01
280,Cabo San Lucas,22.8909,-109.9124,88.52,51,64,8.05,broken clouds,MX,2022-07-23 02:48:13
281,Souillac,-20.5167,57.5167,68.38,88,40,9.22,scattered clouds,MU,2022-07-23 02:48:13
282,Sorland,67.667,12.6934,49.86,86,100,15.57,overcast clouds,NO,2022-07-23 02:48:14
283,Iskateley,67.6803,53.1512,49.5,93,100,12.55,overcast clouds,RU,2022-07-23 02:48:15
284,Svetlyy,54.675,20.1347,62.96,85,85,6.29,overcast clouds,RU,2022-07-23 02:48:15
285,Bereda,43.2686,-7.5406,57.15,100,19,5.19,few clouds,ES,2022-07-23 02:48:15
286,Gat,31.61,34.7642,75.88,100,0,1.19,clear sky,IL,2022-07-23 02:48:16
287,Simao,22.7886,100.9748,71.8,88,77,2.8,broken clouds,CN,2022-07-23 02:48:16
288,Tucupita,9.0622,-62.051,72.9,97,10,3.31,clear sky,VE,2022-07-23 02:48:17
289,Lata,40.1629,-8.3327,57.43,89,0,1.63,clear sky,PT,2022-07-23 02:48:17
290,Tuktoyaktuk,69.4541,-133.0374,68.0,64,75,6.91,broken clouds,CA,2022-07-23 02:48:17
291,Sungaipenuh,-2.0833,101.3833,77.99,63,75,1.52,broken clouds,ID,2022-07-23 02:48:18
292,Moerai,-22.4333,-151.3333,73.76,74,36,18.57,scattered clouds,PF,2022-07-23 02:48:18
293,San Luis,-33.295,-66.3356,56.93,60,22,9.71,few clouds,AR,2022-07-23 02:48:19
294,Kushima,31.4583,131.2333,86.9,51,77,3.65,broken clouds,JP,2022-07-23 02:48:19
295,Aykhal,66.0,111.5,70.21,52,3,7.23,clear sky,RU,2022-07-23 02:48:20
296,Priargunsk,50.3691,119.1012,80.46,55,22,12.41,light rain,RU,2022-07-23 02:48:20
297,Sereflikochisar,38.9393,33.5386,64.62,58,0,7.47,clear sky,TR,2022-07-23 02:48:20
298,Hambantota,6.1241,81.1185,82.74,83,20,13.8,few clouds,LK,2022-07-23 02:48:21
299,Port Blair,11.6667,92.75,80.64,94,100,4.61,overcast clouds,IN,2022-07-23 02:48:21
300,Yulara,-25.2406,130.9889,74.01,23,3,7.36,clear sky,AU,2022-07-23 02:48:22
301,Pacific Grove,36.6177,-121.9166,67.33,77,0,8.05,clear sky,US,2022-07-23 02:48:23
302,Labytnangi,66.6572,66.4183,52.47,64,90,3.96,overcast clouds,RU,2022-07-23 02:48:24
303,Comodoro Rivadavia,-45.8667,-67.5,28.26,59,0,5.75,clear sky,AR,2022-07-23 02:48:24
304,Bathsheba,13.2167,-59.5167,81.21,87,40,9.22,scattered clouds,BB,2022-07-23 02:48:25
305,Fernley,39.608,-119.2518,90.46,7,0,10.0,clear sky,US,2022-07-23 02:48:25
306,Sitangkai,4.6628,119.3928,83.57,71,91,5.23,overcast clouds,PH,2022-07-23 02:48:25
307,Kavieng,-2.5744,150.7967,84.43,70,21,8.95,few clouds,PG,2022-07-23 02:48:26
308,Ussel,45.55,2.3167,60.98,97,100,2.8,overcast clouds,FR,2022-07-23 02:45:30
309,Luderitz,-26.6481,15.1594,57.04,66,31,15.12,scattered clouds,NA,2022-07-23 02:48:26
310,Chinique,15.0447,-91.0258,62.49,97,99,3.36,overcast clouds,GT,2022-07-23 02:48:27
311,Balkanabat,39.5108,54.3671,79.29,62,0,8.1,clear sky,TM,2022-07-23 02:48:27
312,Castro,-24.7911,-50.0119,56.97,68,46,2.28,scattered clouds,BR,2022-07-23 02:47:29
313,Chimbote,-9.0853,-78.5783,61.57,88,35,5.95,scattered clouds,PE,2022-07-23 02:48:28
314,Umm Lajj,25.0213,37.2685,85.21,54,22,10.36,few clouds,SA,2022-07-23 02:48:28
315,Kushmurun,52.4503,64.6311,70.23,53,0,3.87,clear sky,KZ,2022-07-23 02:48:29
316,Ippy,6.2679,21.2247,66.49,99,100,1.63,light rain,CF,2022-07-23 02:48:29
317,Bichura,50.5881,107.6022,61.92,74,94,3.4,overcast clouds,RU,2022-07-23 02:49:30
318,Hamilton,39.1834,-84.5333,80.22,77,0,0.0,clear sky,US,2022-07-23 02:49:30
319,Sumkino,58.1108,68.3244,58.5,72,35,6.93,scattered clouds,RU,2022-07-23 02:49:31
320,Lundazi,-12.2929,33.1782,55.45,77,12,4.81,few clouds,ZM,2022-07-23 02:49:31
321,Faanui,-16.4833,-151.75,78.64,74,11,11.61,few clouds,PF,2022-07-23 02:49:32
322,Jiwani,25.05,61.7417,81.99,85,100,7.99,overcast clouds,PK,2022-07-23 02:49:32
323,Dehloran,32.6941,47.2679,92.03,13,0,9.19,clear sky,IR,2022-07-23 02:49:32
324,Baghdad,33.3406,44.4009,78.71,29,0,9.22,clear sky,IQ,2022-07-23 02:45:11
325,Panguna,-6.3164,155.4848,82.9,54,18,2.59,few clouds,PG,2022-07-23 02:49:33
326,Arraial Do Cabo,-22.9661,-42.0278,70.57,90,4,19.33,clear sky,BR,2022-07-23 02:49:33
327,Harper,4.375,-7.7169,74.12,73,98,7.16,overcast clouds,LR,2022-07-23 02:49:34
328,Andros Town,24.7,-77.7667,84.16,74,3,15.1,clear sky,BS,2022-07-23 02:49:34
329,Oranjemund,-28.55,16.4333,52.83,92,92,7.29,overcast clouds,NA,2022-07-23 02:49:35
330,Maua,-23.6678,-46.4614,69.37,64,10,2.82,clear sky,BR,2022-07-23 02:49:35
331,Ligayan,4.6533,119.4706,83.68,71,89,5.3,overcast clouds,PH,2022-07-23 02:49:36
332,Parabel,58.6978,81.4825,60.31,57,3,14.18,clear sky,RU,2022-07-23 02:49:36
333,Alekseyevskoye,55.3071,50.1135,65.64,81,16,3.11,few clouds,RU,2022-07-23 02:49:36
334,Bahia Blanca,-38.7196,-62.2724,46.31,67,85,6.76,overcast clouds,AR,2022-07-23 02:48:17
335,Saint Anthony,45.0205,-93.218,84.09,61,3,3.83,clear sky,US,2022-07-23 02:48:19
336,Sao Joao Da Barra,-21.6403,-41.0511,71.11,88,0,12.59,clear sky,BR,2022-07-23 02:46:07
337,Barranca,-10.75,-77.7667,61.29,85,31,7.31,scattered clouds,PE,2022-07-23 02:49:37
338,Havelock,34.8791,-76.9013,82.35,91,0,5.75,clear sky,US,2022-07-23 02:45:10
339,Tabuk,17.4189,121.4443,87.3,67,8,4.79,clear sky,PH,2022-07-23 02:49:38
340,Kraskino,42.7114,130.7794,64.94,96,100,5.75,overcast clouds,RU,2022-07-23 02:49:38
341,Ormara,25.2088,64.6357,82.67,84,98,11.23,overcast clouds,PK,2022-07-23 02:49:39
342,Krasnoselkup,65.7,82.4667,69.6,60,100,11.43,overcast clouds,RU,2022-07-23 02:49:39
343,Hami,42.8,93.45,93.79,11,0,3.69,clear sky,CN,2022-07-23 02:49:40
344,Richards Bay,-28.783,32.0377,63.64,89,0,11.39,clear sky,ZA,2022-07-23 02:44:52
345,Miguel Calmon,-11.4289,-40.595,59.4,98,68,2.04,broken clouds,BR,2022-07-23 02:49:40
346,San Patricio,28.017,-97.5169,85.89,74,5,14.12,clear sky,US,2022-07-23 02:49:41
347,Hervey Bay,-25.2986,152.8535,66.51,74,94,19.26,overcast clouds,AU,2022-07-23 02:49:41
348,Hofn,64.2539,-15.2082,52.16,89,96,3.76,overcast clouds,IS,2022-07-23 02:49:41
349,Alofi,-19.0595,-169.9187,80.49,69,18,9.22,few clouds,NU,2022-07-23 02:49:42
350,Beidao,34.5686,105.8933,81.45,49,0,5.64,clear sky,CN,2022-07-23 02:49:42
351,Omaruru,-21.4333,15.9333,57.58,45,5,6.02,clear sky,NA,2022-07-23 02:49:43
352,Turayf,31.6725,38.6637,73.65,49,0,13.8,clear sky,SA,2022-07-23 02:49:43
353,Roma,43.2128,-75.4557,71.82,85,3,2.73,clear sky,US,2022-07-23 02:49:43
354,Novo Aripuana,-5.1206,-60.3797,75.15,79,35,0.25,scattered clouds,BR,2022-07-23 02:49:44
355,Charters Towers,-20.1,146.2667,71.91,45,0,9.31,clear sky,AU,2022-07-23 02:45:57
356,Tarakan,3.3,117.6333,87.3,70,40,4.61,scattered clouds,ID,2022-07-23 02:49:45
357,Nioro,13.35,-15.75,75.56,91,100,10.69,overcast clouds,GM,2022-07-23 02:49:45
358,Port Augusta,-32.5,137.7667,67.35,41,0,11.74,clear sky,AU,2022-07-23 02:49:45
359,Fenoarivo,-18.933,47.4354,50.07,100,75,3.44,broken clouds,MG,2022-07-23 02:49:46
360,Mayo,38.8876,-76.5119,86.13,79,0,5.75,clear sky,US,2022-07-23 02:49:46
361,Manado,1.487,124.8455,84.97,70,40,8.05,thunderstorm,ID,2022-07-23 02:49:47
362,Abu Samrah,35.3029,37.1841,72.12,56,0,7.14,clear sky,SY,2022-07-23 02:49:47
363,Wiarton,44.7407,-81.1332,76.39,53,20,12.66,few clouds,CA,2022-07-23 02:50:47
364,Dapitan,8.6464,123.4208,84.7,68,98,1.59,overcast clouds,PH,2022-07-23 02:50:48
365,Darnah,32.767,22.6367,76.23,70,0,10.94,clear sky,LY,2022-07-23 02:50:48
366,Kainantu,-6.2887,145.8655,76.19,53,22,5.44,few clouds,PG,2022-07-23 02:50:49
367,Westerkappeln,52.3167,7.8833,58.82,91,100,2.01,overcast clouds,DE,2022-07-23 02:50:49
368,Barcelos,41.5388,-8.6151,68.85,64,1,3.38,clear sky,PT,2022-07-23 02:50:49
369,Port Macquarie,-31.4333,152.9167,60.89,73,50,12.5,scattered clouds,AU,2022-07-23 02:47:11
370,Katrineholm,58.9959,16.2072,58.44,96,100,4.76,overcast clouds,SE,2022-07-23 02:50:50
371,Taree,-31.9,152.4667,66.06,67,51,6.8,broken clouds,AU,2022-07-23 02:50:50
372,Geraldton,-28.7667,114.6,68.41,64,75,14.97,broken clouds,AU,2022-07-23 02:50:51
373,San Quintin,30.4833,-115.95,66.69,83,15,9.57,few clouds,MX,2022-07-23 02:46:12
374,Den Helder,52.9599,4.7593,58.98,92,44,1.14,scattered clouds,NL,2022-07-23 02:50:52
375,Moultrie,31.1799,-83.7891,77.07,88,0,0.0,clear sky,US,2022-07-23 02:50:52
376,Anito,12.4497,125.2886,87.53,64,98,4.29,overcast clouds,PH,2022-07-23 02:50:52
377,Lyubashivka,47.8372,30.2598,59.29,71,0,7.27,clear sky,UA,2022-07-23 02:50:53
378,Srednekolymsk,67.45,153.6833,61.07,41,2,13.8,clear sky,RU,2022-07-23 02:50:53
379,Hualmay,-11.0964,-77.6139,61.81,83,33,9.66,scattered clouds,PE,2022-07-23 02:50:54
380,Doha,25.2867,51.5333,93.18,74,37,3.44,scattered clouds,QA,2022-07-23 02:50:54
381,Ayagoz,47.9714,80.4392,76.87,25,24,12.75,few clouds,KZ,2022-07-23 02:50:55
382,Chokurdakh,70.6333,147.9167,62.85,39,50,11.1,scattered clouds,RU,2022-07-23 02:50:55
383,Lasa,46.6166,10.7002,68.88,83,100,2.68,light rain,IT,2022-07-23 02:50:55
384,North Bend,43.4065,-124.2243,63.86,88,0,21.85,clear sky,US,2022-07-23 02:50:56
385,Vao,-22.6667,167.4833,73.72,90,100,27.25,moderate rain,NC,2022-07-23 02:50:56
386,Rio Gallegos,-51.6226,-69.2181,30.25,86,0,12.66,clear sky,AR,2022-07-23 02:50:57
387,Huadian,42.9633,126.7478,78.3,74,97,5.17,overcast clouds,CN,2022-07-23 02:50:57
388,Nome,64.5011,-165.4064,49.15,87,75,11.5,broken clouds,US,2022-07-23 02:50:23
389,Verkhnetulomskiy,68.6073,31.7962,50.13,82,59,0.69,broken clouds,RU,2022-07-23 02:50:58
390,Voi,-3.3945,38.563,63.57,88,24,5.64,few clouds,KE,2022-07-23 02:50:37
391,Kilindoni,-7.9139,39.6668,74.84,77,15,13.47,few clouds,TZ,2022-07-23 02:50:58
392,Zharkent,44.1628,80.0,88.52,14,0,6.04,clear sky,KZ,2022-07-23 02:50:59
393,Talavera De La Reina,39.9635,-4.8308,70.65,21,2,0.65,clear sky,ES,2022-07-23 02:50:59
394,Chapais,49.7834,-74.8492,67.78,93,17,6.46,few clouds,CA,2022-07-23 02:50:59
395,Tessalit,20.1986,1.0114,92.46,21,75,6.46,broken clouds,ML,2022-07-23 02:48:40
396,Bam,29.106,58.357,95.04,12,14,4.81,few clouds,IR,2022-07-23 02:51:00
397,Andrews,32.3187,-102.5457,90.66,34,0,9.22,clear sky,US,2022-07-23 02:51:00
398,Acapulco,16.8634,-99.8901,80.73,81,55,3.51,broken clouds,MX,2022-07-23 02:48:36
399,Kungurtug,50.5994,97.5228,61.41,72,69,4.34,broken clouds,RU,2022-07-23 02:50:01
400,Norman Wells,65.282,-126.8329,80.64,36,75,4.61,broken clouds,CA,2022-07-23 02:51:01
401,Hoa Binh,20.8133,105.3383,87.96,68,49,2.51,scattered clouds,VN,2022-07-23 02:51:02
402,Ilhabela,-23.7781,-45.3581,66.09,74,29,4.41,scattered clouds,BR,2022-07-23 02:51:02
403,Azoyu,16.7167,-98.7333,74.66,95,83,1.21,broken clouds,MX,2022-07-23 02:51:03
404,Inuvik,68.3499,-133.7218,72.61,75,75,12.66,light intensity shower rain,CA,2022-07-23 02:51:03
405,Son La,21.3167,103.9,80.33,70,61,1.66,broken clouds,VN,2022-07-23 02:51:03
406,Rosarito,32.3333,-117.0333,70.66,78,31,4.7,scattered clouds,MX,2022-07-23 02:51:04
407,Nong Phai,15.9903,101.0618,77.59,89,100,3.62,overcast clouds,TH,2022-07-23 02:51:04
408,Huaicheng,23.9051,112.1931,93.49,53,0,3.04,clear sky,CN,2022-07-23 02:51:05
409,Kharp,66.8014,65.8081,52.16,63,18,7.31,few clouds,RU,2022-07-23 02:51:05
410,Kruisfontein,-34.0033,24.7314,51.62,74,100,6.62,overcast clouds,ZA,2022-07-23 02:52:05
411,Parana,-31.732,-60.5238,61.52,95,6,7.2,clear sky,AR,2022-07-23 02:52:06
412,Wasilla,61.5814,-149.4394,60.06,85,100,10.36,overcast clouds,US,2022-07-23 02:50:05
413,Meadow Lake,34.8014,-106.5436,81.84,37,87,7.81,overcast clouds,US,2022-07-23 02:52:06
414,Cam Ranh,11.9214,109.1591,85.96,62,20,4.61,few clouds,VN,2022-07-23 02:52:07
415,Asau,46.4333,26.4,58.28,62,35,3.94,scattered clouds,RO,2022-07-23 02:48:45
416,Kristiinankaupunki,62.2743,21.376,57.43,94,100,13.73,light rain,FI,2022-07-23 02:52:07
417,Gravdal,68.1214,13.5031,52.09,90,100,14.29,overcast clouds,NO,2022-07-23 02:49:55
418,Bredy,52.4153,60.3411,68.02,54,7,3.98,clear sky,RU,2022-07-23 02:52:08
419,Vila Franca Do Campo,37.7167,-25.4333,70.2,85,98,1.54,overcast clouds,PT,2022-07-23 02:52:08
420,Mecca,21.4267,39.8261,84.87,59,42,2.89,scattered clouds,SA,2022-07-23 02:48:47
421,Aklavik,68.2191,-135.0107,57.9,81,100,11.92,light rain,CA,2022-07-23 02:52:09
422,Puerto Escondido,15.85,-97.0667,81.41,79,99,2.37,overcast clouds,MX,2022-07-23 02:52:09
423,Natchez,31.5604,-91.4032,79.02,78,0,11.5,clear sky,US,2022-07-23 02:51:16
424,Eureka,40.8021,-124.1637,63.19,80,4,3.0,clear sky,US,2022-07-23 02:52:10
425,Ugoofaaru,5.6667,73.0,82.02,78,100,16.37,overcast clouds,MV,2022-07-23 02:52:10
426,Tsaratanana,-16.7833,47.65,63.14,75,10,10.09,clear sky,MG,2022-07-23 02:52:11
427,Atar,20.5169,-13.0499,86.13,49,100,6.33,light rain,MR,2022-07-23 02:52:11
428,Gold Coast,-28.0,153.4333,70.16,68,75,18.41,broken clouds,AU,2022-07-23 02:52:12
429,Saldanha,-33.0117,17.9442,55.45,81,94,11.56,overcast clouds,ZA,2022-07-23 02:52:12
430,Hays,30.0502,-98.0336,90.86,55,57,1.99,broken clouds,US,2022-07-23 02:47:14
431,Okhotsk,59.3833,143.3,66.47,75,56,6.96,broken clouds,RU,2022-07-23 02:52:13
432,Qaqortoq,60.7167,-46.0333,45.01,85,24,5.61,few clouds,GL,2022-07-23 02:52:13
433,Bandarbeyla,9.4942,50.8122,77.38,74,2,26.17,clear sky,SO,2022-07-23 02:52:13
434,Tobermory,45.2501,-81.6665,66.33,82,1,16.13,clear sky,CA,2022-07-23 02:52:14
435,El Tarra,8.5756,-73.0949,74.08,98,89,1.88,overcast clouds,CO,2022-07-23 02:52:14
436,Uige,-7.6087,15.0613,60.44,92,83,0.81,broken clouds,AO,2022-07-23 02:52:15
437,Kailua,21.4022,-157.7394,85.98,69,20,14.97,few clouds,US,2022-07-23 02:52:15
438,Neiafu,-18.65,-173.9833,79.48,73,40,5.75,scattered clouds,TO,2022-07-23 02:52:15
439,Axim,4.8699,-2.2405,74.46,76,67,6.02,broken clouds,GH,2022-07-23 02:52:16
440,Bilibino,68.0546,166.4372,53.13,47,7,7.16,clear sky,RU,2022-07-23 02:52:16
441,Fort Nelson,58.8053,-122.7002,74.79,38,20,4.61,few clouds,CA,2022-07-23 02:52:17
442,Mareeba,-17.0,145.4333,78.44,51,5,2.93,clear sky,AU,2022-07-23 02:52:17
443,Karachi,24.9056,67.0822,84.02,79,75,11.5,broken clouds,PK,2022-07-23 02:49:17
444,Juneau,58.3019,-134.4197,53.22,98,100,8.05,moderate rain,US,2022-07-23 02:51:14
445,Marzuq,14.4,46.4667,75.13,63,53,7.74,broken clouds,YE,2022-07-23 02:52:18
446,Russkaya Polyana,49.417,31.9201,58.06,93,0,7.45,clear sky,UA,2022-07-23 02:52:18
447,Copalillo,18.0333,-99.1167,67.12,95,70,7.56,broken clouds,MX,2022-07-23 02:52:19
448,Sangar,63.9242,127.4739,70.32,60,100,6.42,overcast clouds,RU,2022-07-23 02:52:19
449,Qom,34.6401,50.8764,85.93,26,0,5.57,clear sky,IR,2022-07-23 02:52:19
450,Sesheke,-17.4759,24.2968,54.05,69,1,4.99,clear sky,ZM,2022-07-23 02:52:20
451,Darhan,49.4867,105.9228,65.44,59,25,4.85,scattered clouds,MN,2022-07-23 02:52:20
452,Oyama,36.3,139.8,91.58,51,16,3.33,few clouds,JP,2022-07-23 02:52:21
453,Twentynine Palms,34.1356,-116.0542,104.14,17,30,8.14,scattered clouds,US,2022-07-23 02:52:21
454,Awjilah,29.1081,21.2869,74.91,46,0,12.12,clear sky,LY,2022-07-23 02:52:21
455,Nabire,-3.3667,135.4833,82.53,80,33,2.91,scattered clouds,ID,2022-07-23 02:52:22
456,Saint-Georges,12.0564,-61.7485,80.28,78,20,5.75,few clouds,GD,2022-07-23 02:49:53
457,Nanakuli,21.3906,-158.1547,85.95,51,75,11.5,broken clouds,US,2022-07-23 02:52:23
458,Sartana,47.1744,37.6927,60.51,86,23,12.57,few clouds,UA,2022-07-23 02:52:23
459,Ketchikan,55.3422,-131.6461,63.07,67,40,8.05,scattered clouds,US,2022-07-23 02:49:02
460,Lamu,-2.2717,40.902,73.62,78,33,17.22,scattered clouds,KE,2022-07-23 02:53:24
461,Guanambi,-14.2233,-42.7814,69.06,54,0,15.1,clear sky,BR,2022-07-23 02:53:24
462,Karratha,-20.7377,116.8463,76.51,44,0,11.27,clear sky,AU,2022-07-23 02:53:24
463,Suchitlan,19.3667,-103.7167,69.44,98,100,0.47,overcast clouds,MX,2022-07-23 02:53:25
464,Fairview,40.8126,-73.999,84.42,62,0,1.99,clear sky,US,2022-07-23 02:53:25
465,Zhigansk,66.7697,123.3711,64.58,58,43,10.49,scattered clouds,RU,2022-07-23 02:53:26
466,Maragogi,-9.0122,-35.2225,73.71,86,99,8.37,overcast clouds,BR,2022-07-23 02:53:26
467,Yinchuan,38.4681,106.2731,84.25,18,0,6.46,clear sky,CN,2022-07-23 02:53:26
468,Inzer,54.2167,57.5556,63.73,72,5,1.52,clear sky,RU,2022-07-23 02:53:27
469,Capreol,46.706,-80.9225,70.27,60,20,10.36,few clouds,CA,2022-07-23 02:53:27
470,Shirhatti,15.2333,75.5833,73.17,80,100,14.32,overcast clouds,IN,2022-07-23 02:53:28
471,Plettenberg Bay,-34.0527,23.3716,57.97,66,100,9.37,overcast clouds,ZA,2022-07-23 02:53:28
472,El Sauce,12.8869,-86.539,74.41,91,100,2.86,overcast clouds,NI,2022-07-23 02:53:28
473,Zemio,5.0314,25.1361,67.21,99,100,2.66,light rain,CF,2022-07-23 02:53:29
474,Kieta,-6.2167,155.6333,85.53,64,6,6.91,clear sky,PG,2022-07-23 02:53:29
475,Awbari,26.5921,12.7805,76.21,28,9,7.85,clear sky,LY,2022-07-23 02:53:30
476,Grants,35.1473,-107.8514,82.63,24,79,13.8,broken clouds,US,2022-07-23 02:53:30
477,Portland,45.5234,-122.6762,76.98,61,20,9.22,few clouds,US,2022-07-23 02:48:34
478,Alappuzha,9.49,76.3264,81.0,83,100,5.39,overcast clouds,IN,2022-07-23 02:53:31
479,Raudeberg,61.9875,5.1352,52.95,82,79,16.93,broken clouds,NO,2022-07-23 02:53:31
480,Bada,51.392,109.8717,69.66,67,100,6.49,overcast clouds,RU,2022-07-23 02:53:31
481,Henties Bay,-22.116,14.2845,56.35,88,3,6.76,clear sky,NA,2022-07-23 02:53:32
482,Cockburn Town,21.4612,-71.1419,81.84,78,96,18.9,overcast clouds,TC,2022-07-23 02:52:19
483,Gornozavodsk,58.3758,58.3211,58.06,73,70,4.41,broken clouds,RU,2022-07-23 02:53:32
484,Piranshahr,36.701,45.1413,67.68,34,0,1.74,clear sky,IR,2022-07-23 02:53:33
485,Eyl,7.9803,49.8164,77.5,66,6,21.65,clear sky,SO,2022-07-23 02:53:33
486,Ferkessedougou,9.6,-5.2,71.82,92,91,3.15,light rain,CI,2022-07-23 02:53:34
487,Marsabit,2.3284,37.9899,56.43,79,15,18.75,few clouds,KE,2022-07-23 02:53:34
488,Nishihara,26.1842,127.7558,89.26,79,75,16.11,broken clouds,JP,2022-07-23 02:53:34
489,Soest,51.5756,8.1062,60.51,93,97,1.74,overcast clouds,DE,2022-07-23 02:53:35
490,Adrar,20.5022,-10.0711,87.89,45,76,5.19,broken clouds,MR,2022-07-23 02:53:35
491,Yumen,40.2833,97.2,86.56,13,0,14.43,clear sky,CN,2022-07-23 02:53:36
492,Madera,37.1666,-119.8343,97.0,11,9,1.01,clear sky,US,2022-07-23 02:53:36
493,Mitsamiouli,-11.3847,43.2844,74.71,71,6,2.93,clear sky,KM,2022-07-23 02:53:37
494,Balkhash,46.844,74.9804,79.41,25,0,15.66,clear sky,KZ,2022-07-23 02:53:37
495,Necochea,-38.5473,-58.7368,42.17,92,20,9.4,few clouds,AR,2022-07-23 02:53:37
496,Tamano,34.4833,133.95,85.87,70,15,11.3,few clouds,JP,2022-07-23 02:53:38
497,Tianpeng,30.9866,103.9393,75.67,78,58,4.61,broken clouds,CN,2022-07-23 02:53:38
498,Valparaiso,-33.0393,-71.6273,52.48,94,0,6.08,clear sky,CL,2022-07-23 02:52:59
499,Broome,42.2506,-75.833,71.65,89,32,1.01,scattered clouds,US,2022-07-23 02:53:39
500,Nuuk,64.1835,-51.7216,40.87,100,11,4.0,few clouds,GL,2022-07-23 02:53:39
501,Moussoro,13.6408,16.4901,82.85,61,100,9.55,overcast clouds,TD,2022-07-23 02:53:39
502,Salalah,17.0151,54.0924,76.68,92,100,9.57,light rain,OM,2022-07-23 02:53:40
503,Singaraja,-8.112,115.0882,82.02,71,36,2.06,scattered clouds,ID,2022-07-23 02:53:40
504,Santa Maria,-29.6842,-53.8069,63.7,100,100,2.3,thunderstorm with light rain,BR,2022-07-23 02:53:41
505,Taltal,-25.4,-70.4833,56.46,86,100,1.41,overcast clouds,CL,2022-07-23 02:53:41
506,Cap Malheureux,-19.9842,57.6142,69.48,71,1,4.0,clear sky,MU,2022-07-23 02:53:41
507,Govindgarh,27.5,76.9833,85.21,72,99,9.57,overcast clouds,IN,2022-07-23 02:53:42
508,Yar-Sale,66.8333,70.8333,46.29,92,100,12.97,overcast clouds,RU,2022-07-23 02:53:42
509,Sompeta,18.9333,84.6,83.16,79,100,3.2,light rain,IN,2022-07-23 02:54:43
510,Logan,41.7355,-111.8344,90.3,49,0,10.36,clear sky,US,2022-07-23 02:50:04
511,Elizabethtown,37.694,-85.8591,80.08,84,0,0.0,clear sky,US,2022-07-23 02:54:40
512,Ulladulla,-35.35,150.4667,61.7,73,79,4.7,broken clouds,AU,2022-07-23 02:54:43
513,Atasu,48.6814,71.6433,73.49,32,96,1.32,overcast clouds,KZ,2022-07-23 02:54:44
514,Mananjary,-21.2167,48.3333,62.56,93,35,5.28,scattered clouds,MG,2022-07-23 02:54:44
515,Viedma,-40.8135,-62.9967,44.71,76,100,7.58,moderate rain,AR,2022-07-23 02:54:45
516,Kysyl-Syr,63.8986,122.7617,75.92,56,96,3.47,overcast clouds,RU,2022-07-23 02:54:45
517,Drayton Valley,53.2168,-114.9854,58.6,87,54,6.33,broken clouds,CA,2022-07-23 02:54:45
518,Fayaoue,-20.65,166.5333,76.39,88,100,22.91,overcast clouds,NC,2022-07-23 02:54:46
519,Ulaanbaatar,47.9077,106.8832,62.73,55,40,6.71,scattered clouds,MN,2022-07-23 02:53:11
520,Qandala,11.472,49.8728,86.5,53,84,9.19,broken clouds,SO,2022-07-23 02:54:46
521,Carhuamayo,-10.9167,-76.0333,33.24,91,73,1.74,broken clouds,PE,2022-07-23 02:54:47
522,Carauari,-4.8828,-66.8958,72.48,99,95,2.1,overcast clouds,BR,2022-07-23 02:54:47
523,Cabatuan,10.8794,122.486,86.65,70,90,6.13,overcast clouds,PH,2022-07-23 02:54:48
524,Mtsamboro,-12.6998,45.0689,69.12,69,0,13.82,clear sky,YT,2022-07-23 02:54:48
525,Usinsk,65.9939,57.5281,46.26,90,100,10.58,light rain,RU,2022-07-23 02:54:48
526,Gulbarga,17.3333,76.8333,76.32,80,100,9.44,overcast clouds,IN,2022-07-23 02:54:49
527,Rio Grande,-32.035,-52.0986,59.95,98,100,3.6,light rain,BR,2022-07-23 02:54:49
528,Mehamn,71.0357,27.8492,53.55,76,64,9.22,broken clouds,NO,2022-07-23 02:54:50
529,Angoche,-16.2325,39.9086,69.89,75,0,4.54,clear sky,MZ,2022-07-23 02:54:50
530,Buenaventura,3.8801,-77.0312,74.12,97,100,3.89,overcast clouds,CO,2022-07-23 02:54:50
531,Longhua,23.6137,114.1919,96.94,46,0,3.38,clear sky,CN,2022-07-23 02:54:51
532,Brumunddal,60.881,10.9395,50.16,90,43,2.35,scattered clouds,NO,2022-07-23 02:54:51
533,Wanning,18.8003,110.3967,86.9,66,0,2.62,clear sky,CN,2022-07-23 02:54:52
534,Nyurba,63.2842,118.3319,77.02,52,59,4.52,broken clouds,RU,2022-07-23 02:54:52
535,Dosso,13.049,3.1937,80.01,73,100,16.98,light rain,NE,2022-07-23 02:54:52
536,Tyukalinsk,55.8732,72.1967,63.36,69,61,12.03,broken clouds,RU,2022-07-23 02:54:53
537,Beihai,21.4833,109.1,87.73,66,13,6.11,few clouds,CN,2022-07-23 02:54:53
538,Salinas,36.6777,-121.6555,73.49,64,18,4.52,few clouds,US,2022-07-23 02:54:54
539,Kirkwood,38.5834,-90.4068,89.51,72,33,3.0,scattered clouds,US,2022-07-23 02:54:54
540,Phan Thiet,10.9333,108.1,86.41,65,39,8.1,scattered clouds,VN,2022-07-23 02:54:55
541,Terneuzen,51.2809,3.8392,60.78,87,15,5.39,few clouds,NL,2022-07-23 02:54:55
542,San Vicente,-26.6167,-54.1333,60.31,84,55,3.2,broken clouds,AR,2022-07-23 02:54:56
543,Gambela,8.25,34.5833,69.06,95,94,1.81,light rain,ET,2022-07-23 02:54:56
544,Tourlaville,49.6383,-1.5664,62.02,94,100,6.91,overcast clouds,FR,2022-07-23 02:54:56
545,Kousseri,12.0769,15.0306,74.77,84,100,8.84,light rain,CM,2022-07-23 02:54:57
546,Lincoln,40.8,-96.667,84.11,65,0,8.05,clear sky,US,2022-07-23 02:53:03
547,Namatanai,-3.6667,152.4333,84.92,65,8,6.85,clear sky,PG,2022-07-23 02:54:58
548,Bozoum,6.3193,16.3799,66.07,97,100,2.19,overcast clouds,CF,2022-07-23 02:54:58
549,Egvekinot,66.3167,-179.1667,40.98,70,98,10.67,overcast clouds,RU,2022-07-23 02:54:58
550,Qostanay,53.1667,63.5833,70.09,56,0,8.95,clear sky,KZ,2022-07-23 02:54:59
551,Mwense,-10.3845,28.698,60.57,65,55,5.21,broken clouds,ZM,2022-07-23 02:54:59
552,Brokopondo,4.75,-55.1667,76.57,89,100,6.85,overcast clouds,SR,2022-07-23 02:55:00
553,Banda Aceh,5.5577,95.3222,82.49,72,100,2.3,overcast clouds,ID,2022-07-23 02:55:00
554,Peniche,39.3558,-9.3811,65.08,93,0,13.91,clear sky,PT,2022-07-23 02:55:01
555,Tynda,55.1667,124.7167,78.06,48,82,6.13,broken clouds,RU,2022-07-23 02:55:01
556,Te Anau,-45.4167,167.7167,43.52,84,63,1.81,broken clouds,NZ,2022-07-23 02:56:01
557,Asfi,32.2994,-9.2372,75.13,75,84,10.74,broken clouds,MA,2022-07-23 02:55:11
558,Smidovich,48.6,133.8167,70.97,73,69,11.7,broken clouds,RU,2022-07-23 02:56:02
559,Iquitos,-3.7481,-73.2472,72.07,92,89,1.36,overcast clouds,PE,2022-07-23 02:56:02
560,Mogadishu,2.0371,45.3438,75.18,81,90,15.57,light rain,SO,2022-07-23 02:56:03
561,Abu Zabad,12.35,29.25,78.66,65,100,8.21,overcast clouds,SD,2022-07-23 02:56:03
562,Tommot,58.9564,126.2925,86.92,45,91,3.62,overcast clouds,RU,2022-07-23 02:56:04
563,Tarancon,40.0085,-3.0073,73.94,19,29,5.99,scattered clouds,ES,2022-07-23 02:52:10
564,Alasehir,38.3508,28.5172,66.0,51,0,2.77,clear sky,TR,2022-07-23 02:56:04
565,Ust-Ilimsk,58.0006,102.6619,66.34,76,100,4.32,overcast clouds,RU,2022-07-23 02:56:05
566,Gornopravdinsk,60.05,69.9,58.86,62,23,5.91,few clouds,RU,2022-07-23 02:56:05
567,Progreso,21.2833,-89.6667,82.11,74,22,13.47,few clouds,MX,2022-07-23 02:56:05
568,Tebingtinggi,3.3285,99.1625,85.19,66,88,1.61,overcast clouds,ID,2022-07-23 02:56:06
569,Bhimunipatnam,17.8833,83.4333,81.91,76,100,6.06,overcast clouds,IN,2022-07-23 02:56:06
570,Plerin,48.5425,-2.7798,55.72,93,0,8.05,clear sky,FR,2022-07-23 02:56:07
571,Bodaybo,57.8506,114.1933,81.88,61,89,3.04,overcast clouds,RU,2022-07-23 02:56:07
572,Guerrero Negro,27.9769,-114.0611,67.69,85,3,18.72,clear sky,MX,2022-07-23 02:56:07
573,Ambilobe,-13.2,49.05,60.67,83,0,3.85,clear sky,MG,2022-07-23 02:56:08
574,Milkovo,54.7167,158.6167,66.96,57,81,1.41,broken clouds,RU,2022-07-23 02:56:08
575,Atambua,-9.1061,124.8925,79.54,46,28,1.99,scattered clouds,ID,2022-07-23 02:56:09
576,Ternate,0.8,127.4,83.08,72,22,7.87,few clouds,ID,2022-07-23 02:56:09
577,Mosetse,-20.75,26.65,58.59,57,95,8.84,overcast clouds,BW,2022-07-23 02:56:10
578,Oriximina,-1.7656,-55.8661,75.72,82,0,2.82,clear sky,BR,2022-07-23 02:56:10
579,Kupang,-10.1667,123.5833,83.25,45,71,11.61,broken clouds,ID,2022-07-23 02:56:10
580,Kletnya,53.3897,33.2171,57.29,88,1,5.26,clear sky,RU,2022-07-23 02:56:11
581,Yerbogachen,61.2767,108.0108,75.25,45,100,9.75,overcast clouds,RU,2022-07-23 02:56:11
582,Kiruna,67.8557,20.2251,41.92,87,45,1.14,scattered clouds,SE,2022-07-23 02:56:12
583,Seymchan,62.8833,152.4333,70.7,38,27,1.77,scattered clouds,RU,2022-07-23 02:56:12
584,Dera Bugti,29.0307,69.151,83.64,72,99,2.04,overcast clouds,PK,2022-07-23 02:56:12
585,Kenai,60.5544,-151.2583,59.14,71,2,10.11,clear sky,US,2022-07-23 02:56:13
586,Lanzhou,36.0564,103.7922,78.6,35,0,2.51,clear sky,CN,2022-07-23 02:56:13
587,Pipar,26.3856,73.5378,79.12,88,100,5.17,overcast clouds,IN,2022-07-23 02:56:14
588,Obo,5.3998,26.4869,67.75,97,99,6.33,overcast clouds,CF,2022-07-23 02:56:14
589,Hibbing,47.4272,-92.9377,69.57,13,81,4.74,broken clouds,US,2022-07-23 02:56:14
590,Puerto Leguizamo,-0.1934,-74.7819,71.91,90,100,1.88,overcast clouds,CO,2022-07-23 02:56:15
591,Batemans Bay,-35.7167,150.1833,58.1,64,83,2.64,broken clouds,AU,2022-07-23 02:56:15
592,General Roca,-39.0333,-67.5833,45.63,52,100,6.33,light rain,AR,2022-07-23 02:56:16
593,Lambakin,14.75,120.8667,90.21,64,30,4.27,scattered clouds,PH,2022-07-23 02:56:16
594,Kuala Selangor,3.35,101.25,86.59,74,47,4.54,scattered clouds,MY,2022-07-23 02:56:16
595,Port Hardy,50.6996,-127.4199,60.98,77,75,14.97,broken clouds,CA,2022-07-23 02:56:17
596,Dudinka,69.4058,86.1778,76.62,40,46,11.01,scattered clouds,RU,2022-07-23 02:56:17
597,Corrente,-3.7367,-43.3394,73.6,83,36,4.47,scattered clouds,BR,2022-07-23 02:56:18
598,Jalingo,8.8833,11.3667,72.39,95,100,2.19,light rain,NG,2022-07-23 02:56:18
599,Safaga,26.7292,33.9365,85.48,37,35,15.88,scattered clouds,EG,2022-07-23 02:56:18
600,Puerto Madryn,-42.7692,-65.0385,36.12,97,100,14.41,moderate rain,AR,2022-07-23 02:54:24
601,Kavaratti,10.5669,72.642,81.14,78,100,19.26,overcast clouds,IN,2022-07-23 02:56:19
602,Kamaishi,39.2667,141.8833,74.55,94,80,5.35,broken clouds,JP,2022-07-23 02:56:19
603,Assiniboia,49.6334,-105.9845,67.82,60,85,4.61,overcast clouds,CA,2022-07-23 02:56:20
604,Boshnyakovo,49.6333,142.1667,58.5,98,98,3.62,overcast clouds,RU,2022-07-23 02:56:20
605,Castelnaudary,43.3183,1.9545,69.17,91,93,7.45,overcast clouds,FR,2022-07-23 02:56:21
606,Kaeo,-35.1,173.7833,60.33,71,100,14.83,overcast clouds,NZ,2022-07-23 02:57:21
607,Oktyabrskoye,43.0645,44.7417,60.94,93,99,4.47,overcast clouds,RU,2022-07-23 02:57:22
608,Kemijarvi,66.7131,27.4306,55.53,78,100,2.62,overcast clouds,FI,2022-07-23 02:57:22
609,Alice Springs,-23.7,133.8833,76.55,14,0,5.75,clear sky,AU,2022-07-23 02:57:22
610,Mapiripan,2.8892,-72.1256,72.82,95,96,2.98,overcast clouds,CO,2022-07-23 02:57:23
611,Manica,49.0,-1.1667,54.77,96,88,2.15,overcast clouds,FR,2022-07-23 02:57:23
612,Tarko-Sale,64.9225,77.785,48.87,87,100,13.42,light rain,RU,2022-07-23 02:57:24
613,Porto Novo,6.4965,2.6036,76.82,87,100,5.79,overcast clouds,BJ,2022-07-23 02:54:19
614,Bar Harbor,44.3876,-68.2039,72.01,74,31,9.17,scattered clouds,US,2022-07-23 02:57:24
615,Chepareria,1.3077,35.2039,60.55,87,94,1.52,light rain,KE,2022-07-23 02:57:25
616,Gari,59.4307,62.3497,56.16,63,54,6.26,broken clouds,RU,2022-07-23 02:57:25
617,Maniitsoq,65.4167,-52.9,45.41,82,100,3.36,overcast clouds,GL,2022-07-23 02:57:26
618,Udachnyy,66.4167,112.4,68.45,52,1,4.83,clear sky,RU,2022-07-23 02:57:26
619,Yeppoon,-23.1333,150.7333,73.18,62,0,6.17,clear sky,AU,2022-07-23 02:57:27
620,Pimentel,-6.8367,-79.9342,62.37,87,18,9.46,few clouds,PE,2022-07-23 02:57:27
621,Tilichiki,60.4667,166.1,58.44,57,76,6.31,broken clouds,RU,2022-07-23 02:57:28
622,Porosozero,62.7191,32.727,64.69,80,15,3.18,few clouds,RU,2022-07-23 02:57:28
623,Ucluelet,48.9329,-125.5528,59.09,86,97,3.0,overcast clouds,CA,2022-07-23 02:57:28
624,Vallenar,-28.5708,-70.7581,57.72,79,100,0.85,overcast clouds,CL,2022-07-23 02:57:29
625,Bijapur,16.8333,75.7,74.44,79,100,14.27,overcast clouds,IN,2022-07-23 02:57:29
626,Kankaanpaa,61.8,22.4167,63.36,98,100,6.67,overcast clouds,FI,2022-07-23 02:57:30
627,Altea,38.5989,-0.0514,80.78,75,6,1.01,clear sky,ES,2022-07-23 02:57:30
628,Umm Kaddadah,13.6017,26.6876,84.83,43,88,9.8,overcast clouds,SD,2022-07-23 02:57:30
629,Bafq,31.6128,55.4107,91.49,11,0,1.81,clear sky,IR,2022-07-23 02:57:31
630,Aranos,-24.1333,19.1167,52.83,57,3,12.53,clear sky,NA,2022-07-23 02:57:31
631,Lahaina,20.8783,-156.6825,87.8,83,8,9.55,clear sky,US,2022-07-23 02:52:38
632,Byron Bay,-28.65,153.6167,61.95,82,93,19.01,overcast clouds,AU,2022-07-23 02:57:32
633,Lichtenburg,-26.152,26.1597,53.71,62,94,9.04,overcast clouds,ZA,2022-07-23 02:57:32
634,Sola,-13.8833,167.55,80.55,77,11,9.98,few clouds,VU,2022-07-23 02:57:33
635,Gigmoto,13.7796,124.39,85.28,73,100,3.27,overcast clouds,PH,2022-07-23 02:57:33
636,Mount Gambier,-37.8333,140.7667,53.74,95,99,8.66,overcast clouds,AU,2022-07-23 02:57:33
637,Vanavara,60.34,102.2797,74.03,54,100,7.99,overcast clouds,RU,2022-07-23 02:57:34
638,Trincomalee,8.5711,81.2335,82.42,74,88,18.01,overcast clouds,LK,2022-07-23 02:57:34
639,Morgantown,39.6295,-79.9559,76.24,86,33,1.81,scattered clouds,US,2022-07-23 02:56:12
640,Bartlesville,36.7473,-95.9808,89.98,66,0,9.17,clear sky,US,2022-07-23 02:56:05
641,Vysokogornyy,50.1167,139.15,61.97,82,100,4.03,overcast clouds,RU,2022-07-23 02:57:35
642,Aksarka,66.5606,67.7975,48.38,84,100,3.47,overcast clouds,RU,2022-07-23 02:57:35
643,Coruripe,-10.1256,-36.1756,72.55,87,78,8.5,broken clouds,BR,2022-07-23 02:57:36
644,Nanortalik,60.1432,-45.2371,45.48,85,46,0.45,scattered clouds,GL,2022-07-23 02:57:36
645,Kilis,36.7161,37.115,75.43,52,0,5.88,clear sky,TR,2022-07-23 02:57:37
646,Beringovskiy,63.05,179.3167,45.36,87,100,5.7,overcast clouds,RU,2022-07-23 02:57:37
647,La Crosse,43.8014,-91.2396,79.36,87,9,6.13,clear sky,US,2022-07-23 02:54:57
648,Lieksa,63.3167,30.0167,61.5,90,98,4.68,overcast clouds,FI,2022-07-23 02:57:38
649,Shirdi,19.7667,74.4833,74.61,82,96,8.25,moderate rain,IN,2022-07-23 02:57:38
650,Atherton,53.5237,-2.4935,60.94,96,85,2.64,overcast clouds,GB,2022-07-23 02:57:39
651,Mazatlan,23.2167,-106.4167,79.02,90,100,3.0,overcast clouds,MX,2022-07-23 02:55:23
652,Ryotsu,38.0833,138.4333,76.64,83,71,12.17,broken clouds,JP,2022-07-23 02:58:39
653,Mayumba,-3.432,10.6554,67.33,90,35,3.22,scattered clouds,GA,2022-07-23 02:58:40
654,Amurzet,47.6967,131.0981,68.63,77,84,7.94,broken clouds,RU,2022-07-23 02:58:40
655,Sao Gotardo,-19.3111,-46.0489,52.63,56,0,0.72,clear sky,BR,2022-07-23 02:58:40
656,Tangwani,28.2787,68.9972,87.87,63,100,7.14,overcast clouds,PK,2022-07-23 02:58:41
657,Santiago Del Estero,-27.7951,-64.2615,67.39,67,66,5.93,broken clouds,AR,2022-07-23 02:57:09
658,Valera,9.3178,-70.6036,69.8,87,100,6.78,overcast clouds,VE,2022-07-23 02:58:41
659,Bad Frankenhausen,51.35,11.1,62.91,69,95,8.99,moderate rain,DE,2022-07-23 02:58:42
660,Butajira,8.1167,38.3667,56.23,89,85,3.02,overcast clouds,ET,2022-07-23 02:58:42
661,Agara,42.0376,43.8238,59.58,81,43,6.17,scattered clouds,GE,2022-07-23 02:58:43
662,Calahorra,42.3051,-1.9652,66.18,84,12,9.08,few clouds,ES,2022-07-23 02:58:43
663,Prainha,-1.8,-53.48,75.31,81,50,3.38,scattered clouds,BR,2022-07-23 02:58:44
664,Lososina,48.9975,140.3106,56.57,95,100,9.24,overcast clouds,RU,2022-07-23 02:58:44
665,Nalut,30.3333,10.85,75.87,31,0,10.16,clear sky,LY,2022-07-23 02:58:44
666,Sur,22.5667,59.5289,86.41,67,77,8.93,broken clouds,OM,2022-07-23 02:58:45
667,Soyo,-6.1349,12.3689,67.55,91,77,5.66,broken clouds,AO,2022-07-23 02:58:45
668,College,64.8569,-147.8028,62.01,65,100,4.0,overcast clouds,US,2022-07-23 02:58:46
669,Lorengau,-2.0226,147.2712,84.52,73,23,11.14,few clouds,PG,2022-07-23 02:58:46
670,La Asuncion,11.0333,-63.8628,80.33,89,3,12.66,clear sky,VE,2022-07-23 02:58:46
671,Basco,20.4487,121.9702,85.44,73,51,6.02,broken clouds,PH,2022-07-23 02:58:47
672,Skelleftea,64.7507,20.9528,54.0,92,100,6.91,overcast clouds,SE,2022-07-23 02:58:47
673,Mutuipe,-13.2286,-39.5047,63.5,99,63,2.89,broken clouds,BR,2022-07-23 02:58:48
674,Gull Lake,50.1001,-108.4847,65.68,51,61,10.16,broken clouds,CA,2022-07-23 02:58:48
675,Prince Rupert,54.3161,-130.3201,60.49,74,0,10.36,clear sky,CA,2022-07-23 02:56:59
676,Rognan,67.0953,15.3878,50.88,47,100,4.38,overcast clouds,NO,2022-07-23 02:58:49
677,Morehead,37.2711,-87.1764,80.85,92,0,0.0,clear sky,US,2022-07-23 02:58:49
678,Fort Portal,0.6617,30.2748,63.84,56,68,2.04,broken clouds,UG,2022-07-23 02:58:50
679,Xinzhi,36.4989,111.7047,79.75,50,0,3.71,clear sky,CN,2022-07-23 02:58:50
680,Antiguo Morelos,22.5495,-99.0812,84.13,80,11,5.12,few clouds,MX,2022-07-23 02:58:51
681,Shwebo,22.5667,95.7,84.02,68,88,12.44,overcast clouds,MM,2022-07-23 02:58:51
682,Sao Borja,-28.6606,-56.0044,63.95,94,41,7.83,scattered clouds,BR,2022-07-23 02:58:52
683,Nouakchott,18.0858,-15.9785,80.53,86,98,7.11,moderate rain,MR,2022-07-23 02:58:52
684,Yenagoa,4.9247,6.2642,74.61,93,100,4.25,overcast clouds,NG,2022-07-23 02:58:52
685,Canakkale,40.0833,26.8333,61.38,59,0,3.53,clear sky,TR,2022-07-23 02:58:53
686,Barrancas,10.9576,-72.7877,74.03,90,35,2.24,scattered clouds,CO,2022-07-23 02:58:53
687,Namibe,-15.1961,12.1522,61.07,87,0,3.47,clear sky,AO,2022-07-23 02:58:54
688,Iraquara,-12.2486,-41.6194,64.11,94,2,3.83,clear sky,BR,2022-07-23 02:58:54
689,Kapit,2.0167,112.9333,89.2,59,53,0.81,broken clouds,MY,2022-07-23 02:58:54
690,Dauriya,49.9333,116.8667,73.24,63,100,8.86,overcast clouds,RU,2022-07-23 02:58:55
691,Navlya,52.8281,34.4989,60.94,93,0,5.5,clear sky,RU,2022-07-23 02:58:55
692,Palana,59.1167,159.9667,56.7,57,69,9.04,broken clouds,RU,2022-07-23 02:58:56
693,Berlevag,70.8578,29.0864,53.6,76,40,10.36,scattered clouds,NO,2022-07-23 02:58:56
694,Bamboo,18.3922,-77.2643,73.18,87,88,8.93,overcast clouds,JM,2022-07-23 02:58:57
695,Yuma,32.7253,-114.6244,106.25,23,9,11.65,clear sky,US,2022-07-23 02:58:38
696,Kalmunai,7.4167,81.8167,82.53,74,70,4.43,broken clouds,LK,2022-07-23 02:59:57
697,Novoagansk,61.9449,76.6625,53.04,65,97,14.23,overcast clouds,RU,2022-07-23 02:59:58
698,Kaabong,3.4836,34.1492,62.85,63,99,9.01,overcast clouds,UG,2022-07-23 02:59:58
699,Omsukchan,62.5333,155.8,64.63,32,21,8.95,few clouds,RU,2022-07-23 02:59:59
700,Takoradi,4.8845,-1.7554,73.87,82,50,6.31,scattered clouds,GH,2022-07-23 02:59:59
701,Port Alberni,49.2413,-124.8028,69.89,71,100,5.99,overcast clouds,CA,2022-07-23 02:59:59
702,Aden,12.7794,45.0367,81.45,78,17,12.03,few clouds,YE,2022-07-23 03:00:00
703,Luba,3.4568,8.5547,73.29,90,100,11.5,moderate rain,GQ,2022-07-23 03:00:00
704,Normandin,48.8333,-72.5321,64.35,70,16,6.62,few clouds,CA,2022-07-23 03:00:01
705,Bugko,12.5356,124.7923,87.3,66,100,5.12,overcast clouds,PH,2022-07-23 03:00:01
706,Moose Factory,51.2585,-80.6094,59.86,96,91,9.13,overcast clouds,CA,2022-07-23 03:00:02
707,Dingle,10.9995,122.6711,86.68,71,92,4.41,overcast clouds,PH,2022-07-23 03:00:02
708,Kashary,49.04,41.0056,59.86,80,91,3.96,overcast clouds,RU,2022-07-23 03:00:03
709,Pangai,-19.8,-174.35,75.63,75,98,18.37,overcast clouds,TO,2022-07-23 03:00:04
710,Chicama,-7.8447,-79.1469,61.43,88,28,4.29,scattered clouds,PE,2022-07-23 03:00:05
711,Machhlishahr,25.6833,82.4167,88.2,66,100,16.51,overcast clouds,IN,2022-07-23 03:00:05
712,Constitucion,-35.3333,-72.4167,52.16,94,100,6.49,overcast clouds,CL,2022-07-23 03:00:06
713,Kadiri,14.1167,78.1667,76.17,75,100,12.62,overcast clouds,IN,2022-07-23 03:00:06
